Turkish,English
bir,one
bu,this
ve,and
ne,What
için,for
mi,Did you
ben,I
çok,very
de,also
ama,but
var,there is
evet,Yes
mı,is
değil,not
hayır,no
şey,thing
da,in
sen,joyful
daha,more
bana,to me
kadar,until
bunu,this
onu,him-her-it
tamam,OK
seni,you
beni,me
iyi,good
yok,no
gibi,like
benim,just me
her,each
sana,you
ki,that
sadece,only
neden,why is that
senin,your
burada,here
zaman,time
olduğunu,that
nasıl,how
hiç,no
şimdi,now
sonra,Then
en,most
mu,is
misin,will you
şu,That
ya,either
öyle,so
biraz,some
önce,before
musun,Do you
güzel,beautiful
hadi,let's
ona,him
İyi,Good
oldu,it was
bak,look
lütfen,Please
yani,so
böyle,such
geri,back
eğer,if
bile,even
onun,her
istiyorum,I want
çünkü,because
biliyorum,I know
gerçekten,really
artık,no longer
belki,maybe
peki,Well
kim,who
hey,Hey
başka,another
tek,single
doğru,true
bay,Mr
olarak,as
büyük,big
buraya,here
biri,someone
tanrım,my god
olan,one
sanırım,I think
adam,man
olacak,it will be
olur,would
yardım,help
demek,say
hiçbir,no
bilmiyorum,I do not know
efendim,Sir
nerede,where
bunun,its
biz,we
teşekkürler,Thank you
ile,with
orada,there
merhaba,Hello there
et,meat
fazla,much
İşte,Request
yeni,new
kötü,bad
biliyor,he knows
gece,night
gün,day
harika,great
tüm,all
ederim,I would
son,end
bütün,all
haydi,lets
iki,two
şeyi,thing
şeyler,things
tam,full
sorun,problem
üzgünüm,sorry
hemen,immediately
ol,be
olsun,get
küçük,small
siz,you
onları,them
size,to you
oh,oh
gerek,need
hakkında,about
ver,give
gel,come
olabilir,can
devam,continuation
aynı,same
diye,that
kız,girl
bize,to us
bizi,us
buna,this
teşekkür,thank
bayan,Lady
pekala,well
kendi,own
oluyor,is happening
izin,permission
tabii,Of course
iş,business
sizi,you
yüzden,why
kimse,nobody
lanet,curse
dur,Stop
hala,still
git,go
seninle,with you
selam,Hello
dostum,my friend
asla,never
mısın,will you
değilim,I am not
önemli,important
baba,father
içinde,in
tekrar,again
mü,is
bizim,our
benimle,with me
söyle,tell
göre,by
vardı,had
anne,mother
aslında,actually
dakika,minute
geldi,came
biliyorsun,you know
yoksa,or
üç,three
özür,apology
al,get
saat,hour
bence,in my opinion
neler,What
olmak,be
herkes,everyone
gerçek,real
ister,either
geliyor,coming
şunu,it
istiyorsun,Would you
para,money
yapıyorsun,you are doing
onunla,with him
uzun,long
emin,sure
işte,Request
bakalım,let's see
onlar,them
bugün,today
miyim,Can I
bekle,wait
yine,again
buradan,from here
nedir,what
ilk,first
pek,very
birkaç,a few
çocuk,child
yer,place
yere,place
birlikte,together
gidelim,lets go
hep,always
şekilde,the way
eve,home
sizin,your
söyledi,told
yıl,year
bırak,leave
çocuklar,children
olmaz,No way
zaten,already
burası,here
kaç,escape
hazır,ready
nereye,where
hepsi,all
olmalı,should be
dinle,listen
istemiyorum,I do not want
dilerim,I wish
lazım,necessary
etmek,to make
ilgili,about
kendini,itself
karşı,against
olduğu,that
söz,promise
az,little
eski,old
ediyorum,I would
kesinlikle,absolutely
anda,currently
fakat,but
tane,piece
benden,me
gerekiyor,need
aman,Oh
an,moment
bunlar,these
işe,if
işi,heat
birşey,something
istiyor,wants
yapmak,make
zor,hard
görmek,see
tatlım,sweetie
seviyorum,I love
İki,Two
misiniz,Are you
bundan,from this
diğer,other
kadın,woman
onlara,to them
kişi,person
yapma,making
oraya,to there
senden,from you
kabul,acceptance
elbette,of course
kontrol,control
kez,times
hoş,pleasant
hafta,week
yarın,tomorrow
gidip,go
özel,special
edin,Learn
zorunda,must
gereken,required
yanlış,false
yerde,in place
doktor,doctor
bakın,Look
sağ,right
dışarı,out
niye,why
ediyor,ediyor
gördüm,I saw
bazı,Some
kahretsin,damn
ihtiyacım,I need
geç,late
dr,dir
birini,one
eminim,I am sure
sakin,do not
nereden,Where from
falan,like
mutlu,happy
dikkat,attention
dedim,I said
yemek,food
hem,and
gidiyor,going
ondan,from him
insan,human
musunuz,Do you
polis,police
ha,Ha
erkek,male
yalan,lie
gitti,gone
yalnız,alone
değildi,it was not
beri,since
beş,five
görüşürüz,See you
çabuk,quickly
insanlar,people
merak,wonder
etti,It has
babam,my father
haber,news
nefret,hate
gördün,you saw
umarım,I hope
sence,what do you think
dün,yesterday
öldü,died
değilsin,You are not
ateş,fire
veya,or
ah,Ah
sanki,if
dolar,dollar
yaptım,I did
geçen,last
ayrıca,also
tanrı,God
kes,cut
jack,jack
yap,do
sabah,morning
etme,to
olduğumu,I have
kendine,yourself
kendimi,Myself
karar,decision
yerine,instead
aptal,silly
üzerinde,over
istediğim,I want
dört,four
bunları,these
su,That
sonunda,finally
hâlâ,still
vardır,has
akşam,evening
yeter,enough
yaptın,you did
adı,First Name
tamamen,completely
boyunca,throughout
hangi,which
olmuş,dead
ay,moon
farklı,different
pekâlâ,all right
kal,remain
olması,being
olamaz,can not
adamım,man
bitti,it's over
açık,open
ettim,I have
bende,Me too
beraber,together
söyledim,I told
yol,way
neyse,anyways
adamı,man
bazen,sometimes
tarafından,by
İlk,First
adım,step
olursa,should
john,John
aldım,I got
oldukça,quite
annem,My mother
tabi,subject
yüzünden,because
birisi,someone
konuşmak,talk
fark,difference
buldum,I found
cevap,reply
zamanı,the time
henüz,yet
kolay,easy
olmadığını,whether
yapıyor,doing
saniye,second
gitmek,go
mükemmel,excellent
gelecek,the future
öyleyse,then
aç,hungry
yoktu,did not have
sahip,owner
yanında,beside
yolu,way
ise,if
onların,they
dedi,said
sakın,do not
içeri,inside
kan,blood
uzak,far
görünüyor,it seems
olun,be
bilirsin,you know
başına,per
oldum,became
durum,status
bebeğim,my baby
sanmıyorum,I do not think so
olsa,Although
yardımcı,helper
anlıyorum,I understand
düşünüyorsun,you are thinking
eder,it
genç,young
neredeyse,almost
ara,Search
geldim,I came
araba,car
almak,receive
söylemek,say
adamın,the man
halde,although
evde,at home
yeniden,again
dünya,world
günü,day
altında,under
konusunda,about
yaptı,made
takip,follow
süre,time
dersin,of course
miyiz,Can
galiba,probably
on,front
hızlı,fast
göz,eye
istedim,I wanted
konuda,subject
herhangi,any
azından,least
komik,funny
düşündüm,I thought
söylüyor,says
oğlum,son
duydum,I heard
evlat,child
çocuğu,children
işin,ray
silah,weapon
hepimiz,we all
şuna,following the
çalışıyorum,I am working
ancak,but
ciddi,serious
herif,guy
vay,Wow
hayatım,sweetheart
ev,home
kaldı,stayed
boş,null
gidiyorum,I'm going
çıktı,output
sende,cents to
altı,six
şeyin,thing
hava,air
savaş,war
bin,thousand
rahat,comfortable
garip,strange
hayatta,in life
olacağım,I will be
oyun,game
olduğuna,that
kimin,whose
bebek,baby
düşünüyorum,I'm thinking
alo,Hello
gelen,incoming
hareket,movement
arada,between
hayal,dream
soru,question
yakın,near
in,of
yaptığını,do that
el,hand
gidiyoruz,We are going
çalışıyor,working
kapıyı,the door
hayat,life
gelip,to come
başladı,started
telefon,telephone
güçlü,strong
new,new
muhtemelen,probably
verdi,gave
nasılsın,how are you doing
durumda,in the case
çeneni,up
sürü,herd
böylece,so
yeterince,enough
be,ba
şaka,joke
şeye,thing
ihtiyacı,need
haklısın,You are right
ait,belonging to
arkadaşım,friend
acele,rush
durun,stay
anladım,understood
beyler,gentlemen
verin,give
yolunda,right
kesin,exact
varsa,If
olacağını,would be
üzerine,over
şeyleri,things
dışında,outside
iyiyim,I'm fine
baban,your father
gizli,hidden
bilmek,know
birinin,one's
kısa,short
ortaya,out
hepsini,all
çıkar,interest
olay,event
beyaz,white
dans,dance
zarar,damage
kardeşim,my brother
arasında,between
geldin,You came
kapa,Collapse
hatta,even
gidiyorsun,You are going
gelir,income
günaydın,Good Morning
olmadan,without
yapacağım,I will do
verdim,I gave
memnun,satisfied
kızı,daughter
olmayacak,will be
geceler,nights
tür,type
geçti,passed
veriyorum,I am giving
yapamam,I can not do
uygun,appropriate
sam,Sam
sanıyorsun,You thought you
terk,abandonment
neyi,what
sanıyordum,I thought
sevindim,I'm glad
etmeye,Do not
kere,times
sürekli,continuous
ölü,dead
fikir,idea
değildir,it is not
tahmin,guess
neydi,what was it
canım,My dear
yüksek,high
korkunç,terrible
zamanda,time
yaşlı,old
sensin,you
hissediyorum,I am feeling
güle,bye
olmadı,It was not
ölüm,death
İçeri,Inside
herşey,everything
mısınız,Are you
sağol,thanks
aldı,took
dolu,full
gerektiğini,ought
çeviri,Translation
anladın,you understand
çık,exit
acaba,I wonder
olurdu,it would be
gelin,bride
ihtiyacın,Your need
parayı,money
içine,into
ihtiyacımız,we need
rahatsız,uncomfortable
güvenlik,security
neyin,what
edecek,will
acı,pain
biliyordum,I knew
ediyorsun,you're
diyorsun,you say
bırakın,release
hasta,patient
çek,Check
geliyorum,I am coming
üzere,in
bizimle,with us
milyon,million
sizinle,With you
mümkün,possible
tuhaf,strange
yakında,soon
annen,mother
dön,frost
affedersiniz,Excuse me
charlie,charlie
eden,community
yemin,oath
berbat,wretched
dedin,you said
dikkatli,careful
dünyanın,the world
siktir,Fuck
ana,mother
frank,franc
otur,sit down
aşağı,down
yapacağız,we will do
burda,here
normal,normal
yapacak,will make
şöyle,As
vermek,give
dışarıda,outside
yapmaya,making
yapıyorum,I'm doing
başkan,president
varmış,had
olmayan,non-
anlaşıldı,roger
istedi,wanted
deli,mad
yukarı,up
belli,certain
şans,chance
birine,to someone
söyledin,You said
at,horse
istediğini,he wanted
oradan,from there
kaptan,captain
tatlı,dessert
dek,until
michael,michael
seks,sex
pardon,pardon
istersen,if you want
duydun,you heard
bilmem,I do not know
nefes,breath
yapar,makes
güç,power
hata,error
getir,bring
olup,The
ettin,you've
keşke,if only
insanların,peoples
bununla,With this
tut,Keep
bi,one
yalnızca,Only
biliyoruz,we know
inanamıyorum,I cant believe
koca,husband
ajan,agent
kahve,coffee
benziyor,looks like
neye,what
herşeyi,everything
isterim,I want
sefer,expedition
evine,house
yeri,place
görüyorum,I see
basit,simple
herkesin,everybody's
kızlar,girls
hayatını,his life
üstüne,over
durumu,status
yavaş,slow
İnsanlar,People
aile,family
tehlikeli,dangerous
dalga,wave
baş,head
aldın,lower
bayım,sir
millet,nation
yaşında,aged
ufak,small
bilgi,information
ele,addressed
buradayım,buradayım
yeterli,enough
aynen,exactly
gidin,Go
yıldır,years
bunların,these
miydi,was
olası,possible
zamandır,time
herhalde,I suppose
george,George
ahbap,buddy
sessiz,quiet
köpek,dog
kahrolası,goddamn
alıp,take
sıcak,hot
temiz,clean
olmalısın,You should be
yüz,face
görünüyorsun,you look
önünde,in front of
arkadaş,friend
olmasını,not the
dair,about
bilmiyor,he does not know
görüyor,sees
anlamıyorum,I do not understand
hoşça,nicely
vakit,time
yapmam,I do not
söylüyorum,I say
yedi,seven
olacaksın,you will be
düşünüyor,think
söylemiştim,I say
doğum,birth
adını,name
olduğun,you are
yapacaksın,you do
diyorum,I say
tom,tom
düşün,think
diyor,says
buldun,you found
alın,Learn
erken,early
ses,sound
konu,subject
acil,urgent
istediğin,you want
bilemiyorum,I do not know
kızım,my daughter
haklı,right
kimsenin,anyone
adına,in the name of
sesini,your voice
mıydı,was
olsaydı,had
ikinci,second
bulmak,find
tıpkı,just as
yerinde,in place
gitmem,I dont go
uyuşturucu,drug
aşk,love
sonraki,next
peter,Peter
işler,works
canlı,Alive
birden,suddenly
ta,t
çekil,get out
yoktur,There is no
olduğum,I'm
bilmiyordum,I did not know
numara,number
üstünde,on
bilir,knows
orospu,bitch
insanları,people
edeceğim,I will make
arkadaşın,your friend
alabilir,can take
hatırlıyor,remember
hak,right
bakma,do not look
almaya,take
gerçeği,truth
cinayet,murder
yerini,place
kendisi,itself
asıl,noble
yaparım,I do
birçok,many
kızın,your daughter
muhteşem,spectacular
görünüşe,appearance
öldürmek,kill
oda,room
kırmızı,red
söyleme,mention
gelmiş,have come
film,film
kimsin,who are you
evi,the House
pislik,dirt
bahsediyorsun,talking about
kalk,get up
sıkı,tight
bekliyor,waiting
İşe,If
unutma,forgetting
buradaki,here
işim,name
mesaj,message
zavallı,poor
fena,bad
güvenli,safe
istiyorsan,if you want
kimseye,anyone
yürü,walk
anlat,tell
söylüyorsun,you say
bağlı,connected
biriyle,with a
verir,gives
şarkı,song
konuşma,talk
olmaya,not to
içki,drink
işini,Your job
birşeyler,something
david,david
the,the
parti,party
sonsuza,infinity
harry,harry
onlardan,from them
sonu,end
zamanlar,times
sebep,reason
saçma,absurd
adamlar,men
yanına,next
geldik,we came
anlamı,meaning
parçası,Part of it
olduğundan,because
bulduk,we found
silahı,weapon
yapabilirim,I can
gerekir,must
yapalım,let's do
bayanlar,ladies
alacağım,I will
özellikle,especially
alan,domain
rağmen,despite
anlıyor,understands
sevgili,dear
ölmüş,dead
tercih,choice
sayın,Dear
değiliz,We are not
aşkına,sake
yaptığı,his
babası,father
suç,crime
yemeği,food
burayı,here
gayet,very
umurumda,care
general,general
bok,shit
bizden,U.S
elinde,in your hand
dürüst,honest
sıra,desk
İyiyim,I'm fine
joe,joe
kusura,defect
yapan,who
kalan,remaining
affedersin,sorry
eğlenceli,enjoyable
kayıp,lost
gerekiyordu,It was supposed
dolayı,because
yaptığın,you do
onlarla,with them
defa,times
çocukları,children
olma,being
takım,team
sert,hard
teklif,bid
de,also
seviyor,love
bekleyin,wait
teslim,delivery
babamın,my fathers
çalışıyorsun,Are you trying
soğuk,cold
katil,join
yaşıyor,lives
iyisi,good
sebebi,reason
çoğu,most
söyleyeyim,Let me tell
istemiyor,does not want
gitsin,let go
james,james
baksana,heigh
şeyden,the thing
gurur,pride
tanıyor,knows
geldiniz,welcome
arkadaşı,his friend
mike,mike
alır,gets
siyah,black
göster,show
edebilir,is able to
canına,dear to
şehir,city
kapı,gate
patron,boss
istiyoruz,we want
tarafa,party
anlaşma,contract
geldiğini,that came
dinleyin,listen
eskiden,formerly
görmedim,I did not see
yarım,my love
fikrim,my idea
ın,of
duyuyor,hears
altına,under
olmasın,whether
demektir,means
arabayı,car
yo,you
günler,days
sene,year
süper,super
niçin,why
orası,there
salak,idiot
adama,man
yola,way
çocuğun,the child
kendim,myself
davet,invitation
zorundayım,I have to
düşünüyordum,I was thinking
yapmış,made
kendime,to myself
hale,halo
kalmak,stay
gelmek,come
yaptığım,I made
öğrenmek,learn
müzik,music
sona,ends
kalp,heart
okul,school
aşık,in love
kalın,thick
istemedim,I did not want
çoktan,already
ağır,heavy
arka,back
noel,Christmas
iç,inner
iyilik,favor
serbest,independent
hepiniz,all of you
taraftan,from the side
şef,chef
görmeye,seeing
istemem,I do not want
ellerini,your hands
hoşuma,I liked
bul,find
çeşit,kind
sekiz,eight
bakayım,Let me see
herkese,to everyone
olayı,event
ilginç,interesting
aferin,Well done
sahibi,owner
dan,from
günün,your day
verici,transmitter
hatırlıyorum,I remember
vereceğim,I will give
konuş,Talk
mavi,blue
kitap,book
kavga,fight
getirdim,I brought
istiyorsunuz,Would you
çekilin,the retreat
gider,expense
telefonu,phone
bira,beer
şimdiye,now
anlamına,meaning
birileri,someone
gitmeliyim,I must go
İş,Business
resmi,formal
görev,task
baylar,gentlemen
nedeni,Reason
güneş,sun
güven,confidence
duymak,hear
herkesi,everyone
isim,name
paul,paul
dünyada,in the world
sigara,cigaret
dedektif,detective
oldun,you have
la,la
düşünmüştüm,I think
severim,I like it
üçüncü,third
gidecek,will go
kral,king
olanlar,Those
aptalca,stupid
zengin,rich
jimmy,jimmy
ifade,expression
elini,your hand
cehenneme,hell
olabilirim,I can
kapat,Close
parça,piece
mesela,for example
cidden,really
sırada,Ranked
veriyor,giving
kadınlar,women
adın,your name
kimseyi,anyone
dua,prayer
amerikan,American
gerekli,necessary
önceki,previous
gittim,I went
edeyim,I will
söylemiştin,tell you
isterdim,I would like to
yaklaşık,about
yapmayı,making
kara,black
olman,Do not be
dava,case
yüzbaşı,captain
yapabilir,can
kendin,yourself
yıllar,years
gir,enter
kelime,word
sık,stylish
zeki,clever
karanlık,dark
vakti,time
yazık,pity
tanıyorum,I know
alıyorum,I'm buying
olacağız,We will be
karım,my wife
tebrikler,congratulations
albay,colonel
bob,boB
başıma,my head
saçmalık,bullshit
koy,Bay
verdin,you gave
unut,forget
etmiş,meat
kaldım,I stayed
yapıyorsunuz,you do
kutsal,sacred
yapıyoruz,we do
duyuyorum,I hear
öldürdü,killed
ray,rail
ön,front
yaşam,life
hayatı,vital
kadının,woman
hikaye,story
un,Fame
geriye,back
üst,top
söyleyeceğim,I will say
alıyor,taking
isteyen,want
birazdan,soon
değer,value
kimi,who
defol,get out
şanslı,lucky
suçlu,guilty
tamamdır,it is okay
uh,uh
hoşuna,welcome to the
satın,buy
saygı,respect
yapmadım,I did not
edelim,let's
sizden,from you
almış,received
hayatımı,my life
sürece,as long as
çift,double
olmayı,to be
çalışan,working
çıkıp,out
birinci,first
tony,tony
hediye,gift
İkinci,Second
kişisel,personal
gördüğüm,I have seen
ettiğini,Watch it
ikna,persuasion
yolunu,path
mıyım,am I
altın,gold
farkında,aware
endişelenme,Do not worry
ee,ee
annesi,mother
götür,take
gerekecek,need
derece,degree
söyleyin,Tell
söyler,tell
balık,the fish
ortak,partner
ilgisi,interest
biliyorsunuz,you know
dışı,female
hayatın,Your life
bölüm,episode
yüce,sublime
işleri,jobs
danny,danny
duruyor,stands
gitme,do not go
arabaya,car
deniz,sea
güvende,in confidence
verme,supply
hanımefendi,lady
seksi,sexy
kalmadı,Sold Out
iyidir,is good
gideceğim,I will go
Sarah,Sarah
max,max
döndü,returned
park,Park
erkekler,men
kalacak,will stay
tehdit,threatening
elde,obtained
olduğumuzu,we are
Jake,Jake
arıyor,calling
korkarım,I am afraid
buralarda,here
çalıştım,I worked
ayak,foot
pis,filthy
yardıma,help
gitmiş,gone
verecek,will give
sesi,sound
yaşamak,live
yada,or
yoldan,the road
gücü,power
çıkmak,exit
İnsan,Human
hoşçakal,bye
polisi,police
okula,to school
yiyecek,food
inanılmaz,unbelievable
arıyorum,I'm looking for
alacak,credit
kulak,ear
mantıklı,sensible
şuraya,Distance
kafa,head
bilmiyorsun,You do not know
oyunu,game
Alex,Alex
bildiğim,I know
ayağa,foot
etmez,does not
önceden,previously
clark,clarke
olurum,I will be
tarafta,on the side
sol,left
kadını,woman
yaz,summer
muydu,was
da,in
mal,goods
dene,try
teğmen,lieutenant
ortadan,the middle
Bill,Bill
yaptık,we did
nesi,What
insanlara,to people
geldiğinde,when
haline,into
ikiniz,both of you
istersin,you want
zorundasın,you have to
Jim,Jim
zamanlarda,in time
istediğimi,I want
giden,outgoing
gördünüz,You saw
şanslar,luck
açın,open
test,test
eee,eee
yaramaz,naughty
degil,not
korumak,protect
ediyoruz,we do
müthiş,terrific
henry,Henry
ciddiyim,I am serious
buydu,This was
dünyayı,the world
destek,support
alt,lower
kaza,accident
yapabilirsin,you can
istediği,wanted
olanları,ones
sorunu,problem
yapman,do not
yolda,on the road
mary,Mary
sıradan,ordinary
yanımda,by my side
vur,hit
babanın,father
paris,Paris
yoluna,way to
asker,soldier
yerden,from the ground
sahi,actually
afedersiniz,sorry
parmak,finger
aradı,called
plan,plan
nerde,where
gibiydi,it seemed to
gösteriyor,is showing
evin,your house
kalsın,Keep
neredesin,where are you
olmadığı,it is not
elimden,stripped
yıldız,star
aşırı,extreme
edip,whether
peder,father
edersin,edersin
adamla,man
sarhoş,drunk
veririm,I give
muydun,Did you
edildi,It was
kapalı,closed
gerekirse,if necessary
gemi,ship
buradasın,you are here
önemi,the importance
hayvan,animal
metre,meter
kat,floor
sevdim,I loved
gelmiyor,does not come
çavuş,Sergeant
hani,behold
orda,there
tedavi,treatment
sorunun,the problem
iğrenç,disgusting
sahte,fake
baştan,all over
istiyorlar,they want
grup,group
gözlerini,your eyes
olabilirsin,you can be
sürpriz,surprise
yarısı,half
bomba,bomb
öldürmeye,kill
sanmıştım,I think
muyum,am I
arkasında,behind
çıkıyor,turns out
ye,eat
türlü,various
gitmeliyiz,we should go
sever,lovers
derin,deep
olmam,I have
san,singing
olduğunda,when
söylemişti,he said
ders,lesson
güzeldi,it was nice
johnny,johnny
başlıyor,starting
edebilirim,I can
olduğunuzu,be you
inanıyorum,I believe
annemin,my mom's
arıyorsun,are you looking
bazıları,some
konuşuyor,speaking
kalmış,I have stayed
piç,Bastard
başladım,I started
başarılı,successful
konuşabilir,can speak
oturup,sit
koş,rushed
etmeyi,Do not
geleni,from the
ikimiz,the two of us
elimizde,our hands
günde,day
uçak,airplane
getirin,bring the
tutun,tobacco
uyan,wake up
şeker,candy
nasıi,How
miydin,Did you
rica,request
evli,The married
yeşil,green
genelde,usually
alırım,I get
öylece,just
adamları,men
anlamadım,I did not understand
bayağı,pretty
üzgün,sad
buz,ice
bekliyorum,I'm waiting
elimde,in my hand
İsa,Jesus
olanı,with
değerli,valuable
arama,search
zorundayız,We have
daima,always
teki,one of
çalış,Work
konuyu,subject
ararım,I'll call
yatak,bed
buldu,found
şimdilik,for now
özgür,free
hapse,jail
aramızda,in our midst
akıllı,smart
olsam,I would
rüya,dream
olduklarını,they are
akşamlar,evenings
girdi,entry
mıyız,Are we
allah,God
ziyaret,visit
gelmedi,did not come
yazıyor,he is writing
profesör,professor
hamile,pregnant
geçiyor,passing
giriş,login
richard,richard
etmeyin,Do not
araya,together
havaya,up
kaybettim,I lost
diğerleri,others
korkuyorum,I'm afraid
kadarıyla,as far as
dahil,including
değildim,I was not
kaldır,remove
Chris,Chris
gittiğini,Go to it
zayıf,weak
kafayı,head
söylediler,they said
derhal,immediately
söyleyecek,will say
çocukların,children
evinde,house
hiçbirşey,nothing
mesele,issue
alayım,alayım
avukat,Lawyer
insanın,people
doğal,natural
hazırım,I am ready
sandım,I thought
bilim,science
anlama,understanding
oğlu,son-
konuşmaya,to talk
güney,South
ailesi,family
aldık,We received
ailem,parents
sonuna,to the end
imkansız,impossible
yemeğe,eat
los,loess
şurada,there
aklıma,to my mind
söylemem,I say
dokuz,nine
York,York City
kurtarmak,rescue
ölmek,die
dünyaya,to the world
bunlardan,of them
düştü,fell
com,com
iyiydi,good
Billy,Billy
çalışma,work
zamana,time
Eric,Eric
Nick,Nick
demiştim,I said
ileri,Further
odasında,in room
geçmiş,past
silahını,the weapons
dönmek,return
beyin,brain
iptal,cancel
kime,to who
çekici,attractive
şeytan,Satan
kuzey,North
çalışmak,work
etrafta,around
hedef,target
majesteleri,Your Majesty
sayılmaz,does not count
cep,pocket
İşin,Ray
jerry,Jerry
askeri,military
konuştum,I talked to
aradım,I called
mark,marker
numaralı,numbered
fazlasını,more
tanrı'nın,the gods
hizmet,service
saldırı,attack
işten,fired
önüne,before
hayatımın,my life
gelebilir,may come
olmasına,not to
aşağıda,below
chuck,chuck
domuz,pig
adil,fair
öldürdün,you killed
topu,ball
yaptığımı,do what I
diyeceğim,I say
top,ball
süredir,time is
söylemedim,I do not say
memur,officer
sor,sir
başlayalım,lets start
ismi,Browse
gibisin,You seem
sevdiğim,Favorite
başı,head
bahse,bet
şansı,chance
deme,do not say
evden,house
söylediğim,I say
söylemeye,tell
can,Bell
yapın,Make
bilmiyoruz,We do not know
kenara,aside
İzin,Permission
charles,charles
will,will
alman,German
not,note
ışık,light
kulağa,ear
istedin,did you
zevk,taste
kurban,victim
ettik,I've
başla,Start
etmem,I would not
zamanında,on time
yüzünü,his face
gelmez,does not
oturun,sit down
kızgın,angry
mr,m
girmek,enter
fbi,FBI
çay,tea
ederiz,we will
yaşayan,live
harekete,motion
çıkmış,out
kardeşin,brother
görmüş,have seen
sırasında,during
hatırladın,remind
saatte,hours
angeles,angeles
bobby,bobby
sıkıcı,boring
şerif,Sheriff
şarap,wine
hallederim,I got
bilgisayar,computer
gideceğiz,we will go
düzgün,smooth
kate,catenin
walter,walter
sağlam,sturdy
hayir,no
kahraman,hero
hastaneye,to hospital
tamir,repair
resim,picture
araştırma,research
çılgın,crazy
nasılsınız,nasılsınız
mektup,letter
olacaktır,will be
sevgilim,my darling
yabancı,foreign
olabileceğini,might
yan,side
sayesinde,thanks to
çıkarın,Disconnect
andy,andy
zamandan,time
polisler,police officers
kıçını,ass
ruh,soul
çıkan,outgoing
yarı,half
yapayım,Shall I
ünlü,famous
haberi,news
problem,problem
işine,job
İnsanların,Peoples
karısı,his wife
seçim,selection
kurşun,bullet
öldür,kill
kanıt,evidence
yakışıklı,handsome
savunma,defense
İnanılmaz,Unbelievable
başa,head
hatırlamıyorum,I do not remember
bıraktım,I left
tarafı,side
uzakta,away
geride,back
oynamak,play
işaret,mark
bakmak,look
rapor,report
bağlantı,connection
söylemedin,you did not tell
meşgul,busy
ikisi,the two
başlıyoruz,we begin
birer,a
kişinin,the people
fırsat,opportunity
masum,innocent
karın,abdomen
sorumlu,responsible
yana,sideways
izi,trail
ters,reverse
gerekmiyor,You do not need
aklını,your mind
göstermek,show
çıplak,naked
geçiyorsun,are you kidding me
bölge,region
getirdi,brought
kısmı,partial
eddie,eddie
olursun,you'd
fikrin,the idea
tommy,tommy
binlerce,thousands
cinsel,sexual
girecek,will enter
itiraf,confession
der,says
başında,early
don,frost
çıkın,Quit
peşinde,behind
bulmaya,find
babamı,my father
Rachel,Rachel
parasını,money
kardeş,brother
değiller,They are not
gelince,as for
oradaki,there
yapabiliriz,we can
diyelim,let's say
boktan,shitty
nasıldı,how was it
ceset,body
elinden,the hand
dönüp,return
kuş,bird
anlaştık,agreed
e,to
iyisini,the best
kocaman,huge
yapacağımı,to do
biliyordu,he knew
dünyadaki,around the world
göremiyorum,I can not see
jane,jane
odasına,room
söylerim,I say
olmuyor,It is not
epey,quite
veren,that
brian,brian
ettiğim,I've
larry,larry
kiminle,with whom
olmuştu,had been
etmiyor,does not
dönerim,I'll be back
birazcık,a little
suyu,water
yapmamız,we do
bey,bey
taş,rock
öğle,noon
orta,middle
bıraktı,he left
engel,obstacle
yapmamı,make my
yerlerde,places
çalışıyoruz,we are working
yapamazsın,You can not
sey,thing
claire,claire
girip,enter
hariç,excluding
aşağıya,down
spor,Sport
bol,plenty
İmdat,Help
görüyorsun,you see
sınıf,class
odada,in the room
kitabı,book
evlilik,marriage
nerden,where
iyice,thoroughly
sizce,what do you think
geleceğim,My future
ortada,in the middle
emir,order
şükür,Thank god
uzay,space
steve,steve
veremem,can not give
edeceğiz,We will
futbol,football
kilo,weight
adında,named
william,william
özledim,I missed
ayrı,separate
filmi,film
robert,robert
yüzde,percent
ediyorlar,they're
hangisi,which
birbirimize,each other
numarası,its number
çalışıyordum,I was working
üzüldüm,I'm sorry
te,t
hmm,hmm
te,t
bakıyorum,I'm looking
sır,secret
yukarıda,above
dokunma,Do not touch
kör,blind
buradayız,we are here
yaparsın,you do
verdiği,tweaking
İnan,Believe
canını,canını
değilse,if not
konusu,subject
yağmur,rain
yat,yacht
çıkış,exit
İstediğin,You want
odası,room
enerji,energy
ihtiyaç,need
amca,uncle
öğrendim,I learned
düşman,foe
sistemi,system
benzer,similar
edemem,I can not
şüpheli,suspicious
arabada,In the car
annenin,your mother's
zamanki,the time
dönüyor,returns
hayatının,of life
öldürecek,will kill
fazlası,more than
afedersin,sorry
kızla,girl
arasındaki,between
lan,man
girin,enter
İçinde,In
gördü,he saw
arkadaşlar,friends
çirkin,ugly
Ryan,Ryan
fotoğraf,photo
döneceğim,I will come
hayatımda,in my life
kedi,cat
kişiyi,people
buyurun,Help yourself
ilaç,medicine
mutluyum,I'm happy
sırf,sheer
cesur,brave
birbirimizi,each other
öldüğünü,he died
umut,hope
bilirim,I know
gittin,you went
sinir,boundary
arayıp,call
yapacağını,would do
tutmak,keep
bırakıp,leave
konuşalım,Let's talk
budur,This is
konuşmayı,speech
doğu,East
zamanımız,our time
dediğim,I also
sıradaki,Next
cuma,Friday
hayalet,ghost
edeceksin,you're going
dave,dave
geleceğini,the future
barış,peace
madem,since
yıllık,yearly
tavsiye,advice
geliyorlar,they come
idare,administration
tavuk,chicken
okulda,at school
kıza,girl
kendisini,himself
ted,TED
bişey,something
şimdiden,already
yapıyorlar,They are doing
kevin,kevin
onda,tenth
konuşmam,My speech
üzerinden,over
yarar,benefit
şansın,the chance
ölecek,it will die
şeyim,My stuff
sakıncası,mind
gözden,review
kayıt,record
joey,joey
kullan,use
sormak,ask
ettiler,they
yapılan,done
mil,shaft
hissettim,I felt
yasal,legal
kocam,my husband
bebeği,his baby
ettiği,Watch it
bizde,us
baskı,printing
birisin,one
yaptığımız,we do
annemi,my mother
alalım,Let's
İngiliz,British
lee,lee
savaşı,war
sayılır,counted
unuttum,I forgot
olmaktan,being
parlak,bright
neymiş,neymiş
hepimizin,all of us
iz,trace
amerika,America
yakaladım,I caught
şeylerin,things
kırıklığına,disappointed
vahşi,wild
aşağılık,Despicable
uyuyor,sleeping
sürer,takes
sağlık,health
banka,bank
insanı,human
İkimiz,The two of us
geçirdim,I spent
yangın,fire
yaparken,while
kaçtı,escaped
iyisin,you're good
pazar,market
pete,pete
vermeye,give
elektrik,electricity
binbaşı,major
istemiştim,I want
başkanı,chairman
thomas,thomas
demiştin,You said
yapıp,make
olmalıyım,I should be
çalıştığını,it works
bakmayın,look
yolculuk,trip
çalıştı,worked
edilmiş,substituted
yıllardır,for years
ameliyat,operation
vereyim,Let me give you
canavar,monster
istiyordum,I wanted
şansımız,our chances
korku,fear
bırakmak,To leave
eline,hands
ihanet,betrayal
konuşuyorsun,you are talking
luke,luke
sevdiğini,love it
tespit,fixing
boşver,Never mind
bunda,herein
farkındayım,I am aware
prenses,princess
düşündün,you think
yargıç,judge
söylemiş,He said it was
cumartesi,Saturday
dediğimi,I also
öldüreceğim,I will kill
tanışmak,meet
götürün,take
karışık,mixed
eğitim,education
bilen,knowing
televizyon,television
söylemedi,he did not say
değilmiş,not
fransız,French
saç,hair
sonuç,result
etkileyici,impressive
doğruyu,right
ardından,next
batı,West
nazik,kind
başından,At the beginning
çin,China
görüşmek,discuss
düğün,wedding
durma,stop
sean,sean
sonuçta,eventually
olsaydım,if I were
alma,taking
itibaren,from
gerekirdi,should
koç,coach
tehlikeye,danger
of,Ugh
takımı,team
görevi,task
ordu,army
getirdin,brought
filan,and so on
gecesi,night
polise,police
anlaşılan,apperantly
taksi,taxi
lisa,lisa
carter,carter
çıkacak,will be
içeride,inside
duruma,condition
kazanmak,win
kar,snow
etmelisin,You should
bunca,so many
kalıyor,staying
bizler,ourselves
şeydi,It was something
boşa,down the drain
bulacağım,I find
yalancı,liar
kadınla,woman
şirket,company
başlangıç,start
müdür,manager
işimiz,our business
vermeyeceğim,I will not
bilirsiniz,you know
kağıt,paper
kokuyor,smells
söylediği,say that
girerim,I'll
dost,friend
söylediğini,tell
silahlı,armed
matt,matt
kyle,kyle
arabanın,car
anna,anna
dönün,Return
varken,while
emri,warrant
inanmıyorum,I do not believe
nedenini,why
anahtar,key
tadını,enjoy
kardeşi,brother
akıl,mind
kredi,credit
kimdi,who
söyleyebilirim,I can tell you
sola,left
şeylere,things to
kurt,Kurd
sus,ornamental
gönderdi,sent
adi,First Name
inanıyor,believes
yaparız,we do
tecavüz,rape
ortasında,midst
İç,Inner
gösteri,show
ihtiyacınız,you need
olmanı,not the
vurdu,shot
geçirmek,put in
param,my money
kalır,stays
kendinizi,yourself
biriydi,it was one
çıkarmak,eject
ekip,team
rus,Russian
ailen,the family
bulundu,found
olacaktı,It would be
etmeliyiz,We have
kaldın,you're
scott,scott
tanıştığımıza,to meet
tarih,history
bakıyorsun,looking at you
arayacağım,I will call
örnek,sample
peşinden,after
yılda,per annum
üstelik,moreover
olmanın,Do not be
baktım,I looked
koruma,protection
istemezsin,you do not want
gene,again
konuşuruz,talking
eğlence,entertainment
dediğini,it also
daniel,Daniel
onca,onca
kimsiniz,who are you
yirmi,twenty
teknik,technical
söylediğin,you say
İşi,Heat
söyleyemem,I can not say
unuttun,you forgot
günlük,diary
fahişe,whore
ulusal,National
parası,money
derken,then
öğleden,afternoon
hatam,my mistake
merkezi,central
şehirde,in the city
tanesi,them
umurunda,cares
doğrusu,actually
ediyordum,I was wondering
hakkındaki,about
bulmuş,found
diyorlar,they say
yapmalıyız,We have to do
sevimli,cute
bulunan,situated
yolun,the road
yüzüne,face
değişti,changed
burdan,from here
dean,dean
tanımıyorum,I do not know
hissediyorsun,you feel
şuradaki,there
mahkeme,court
jones,Jones
kapıdan,the door
başarısız,unsuccessful
van,van
zenci,black
öldürüldü,He was killed
boyu,length
gitmeye,to go
mutlaka,surely
tren,train
kafanı,head
gecenin,night
vermiş,He has given
ilişki,relationship
oluruz,we have
serseri,punk
okudum,I read
sürtük,slut
dersiniz,your course
mücadele,struggle
maalesef,Unfortunately
vegas,vegas
kaltak,bitch
kuralları,rules
martin,martin
halt,heck
yatağa,To bed
kalacağım,I'll stay
çocuklara,children
cesaret,courage
dayan,Hang on
sizler,you
buranın,this place
yerin,the place
çekip,pull
fikri,idea
olduğumuz,we have
servis,service
şeyle,with something
dövüş,fight
chloe,chloe
suçu,water seller
elbise,dress
etmeliyim,I have
dahi,even
duygusal,emotional
adamların,men
vermem,I do not give
usta,master
konuşmamız,our talk
dolarlık,dollar
kullanıyor,uses
yaptınız,You did
bakar,looks
şehri,city
evime,home
aramaya,in search of
denedim,I've tried
tanrıya,god
kahvaltı,breakfast
karşılık,provisions
yapmayın,do not
derler,they say
utanç,shame
onur,honor
alakası,relevance
kaybettik,we lost
içindeki,in
söylesene,tell me
bulacağız,We will find
başını,head
hiçbiri,none
ettiğin,you've
diş,tooth
ülke,country
zamanın,time
tepki,reaction
cok,very
getirmek,to bring
sanıyor,He thinks
saati,time
görebiliyorum,I can see
senatör,senator
edici,Curing
ucuz,cheap
gözüküyor,it seems
gaz,gas
otel,hotel
ödeme,payment
İkiniz,both of you
çalışmaya,to work
telefonda,on the phone
tip,medicine
yaşıyorum,I live
planı,plan
anahtarı,switch
kıpırdama,hold still
kalbi,heartland
lois,lois
kanı,conclusion
sorabilir,You can ask
denen,tested
gören,sighted
tıbbi,medical
nokta,dot
yasak,forbidden
tanık,witness
yapılmış,made
sefere,time
sağa,right
işimi,my job
giderim,I will go
şehrin,the city
kalma,stay
heyecan,excitement
sanat,art
isterseniz,If you want
önümüzdeki,forthcoming
eh,City
gördüğün,you see
mıydın,Did you
yahudi,Jewish
nedenle,Therefore
muyuz,Are we
demedim,I did not say
düşünüyorsunuz,you think
ekibi,team
ateşli,hot
intihar,suicide
yerel,local
carl,carla
gidebilir,can go
federal,federal
düşünmek,think
sosyal,social
bil,know
sordum,I asked
varım,I have
gerekmez,not necessary
atış,shot
durdur,stop
km,km
olabilirdi,could
ufaklık,kid
olağanüstü,exceptional
almam,I get
kayboldu,disappeared
nihayet,finally
insanlarla,people
tv,TV
üstü,change
yapabileceğim,I can do
düşük,low
edersen,will you
oluyorum,I'm
ödül,prize
neresi,where
bekliyorsun,waiting for you
söyleyebilir,can you tell
tanrı'ya,god
bozuk,broken
yapılacak,to do
posta,mail
resmen,officially
öyledir,it is
derdin,the trouble
benimki,mine
kullanmak,use
İlginç,Interesting
döndüm,I returned
tarihi,historical
kamera,camera
cesedi,corpse
hay,hay
İstersen,If you want
anlamıyorsun,you do not understand
bulun,find
derdi,say
İşler,Works
uçuş,Flight
ateşi,fire
hayata,To life
birisini,one of the
şansım,I had a chance
etrafında,around
adamsın,You are the man
çalışıyordu,I was trying
paraya,money
kural,rule
harikaydı,it was great
etmesi,Do not
and,and
gitmiyor,do not go
şeylerden,anything from
bakıyor,looking
attı,threw
çekmek,attract
meselesi,matter of
değilsiniz,you do not
istemez,does not want
ayakta,standing
tak,wear
sendin,You're the one
duydunuz,You heard
le,la
çocuğa,children
kaldık,We're
bulup,find
bas,head
söylemeliyim,I must say
maç,match
gitmemiz,to go
tanıdığım,I know
sarı,yellow
tuzak,trap
profesyonel,professional
bahsediyorum,I'm talking about
ihtimalle,probably
okuldan,from school
gördüğüme,I saw
ilgi,interest
bırakma,leaving
gerçekte,in reality
evim,my home
eli,his hand
ödünç,on loan
ceza,criminal
saf,pure
şirin,cute
gelirim,revenue
İngilizce,English
genellikle,usually
çiçek,flower
yara,wound
etmiyorum,I do not
canın,the soul
fikrini,idea
çıkma,emergence
olmazsa,unless
geceleri,at night
keresinde,at times
kaba,rude
zorla,hard
kalıp,mold
anlatmak,tell
emredersiniz,"Yes, sir"
büyü,Magic
şirketi,company
takdir,discretion
arabası,car
açıkçası,frankly
hakkımda,about me
jason,jason
bölümü,section
ölümü,death
çalışmıyor,not working
tarafında,on the side
verebilir,can give
anneme,to my mom
genel,general
hastalık,illness
icin,for
huzur,serenity
geliyorsun,You're coming
hastanede,at hospital
aklına,his mind
gelmeden,arriving
kadına,woman
kızıl,red
arabadan,the car
sevgi,love
yoğun,Dense
verdik,We gave
olunca,when
inşa,construction
içinden,through
yapması,making
sinyal,signal
anlattı,told
gibidir,like this
öyleydi,it was
seyirler,seyirler
haftada,per week
dışına,outside
acayip,strange
getireyim,I bring
görelim,see
çıkıyorum,getting out
yüzük,ring
göze,to eye
dinlemek,listen
yürüyün,walk
öldüren,killed
odaya,room
Arthur,Arthur
tehlike,danger
unutmayın,remember
bıçak,knife
den,from
öbür,glutton
süt,milk
açıkça,clearly
kafasını,head
rose,rosa
öldürdüm,I killed
birinde,in one
ross,ross
sokak,Street
fiziksel,physical
gideyim,Let Go
bunlara,to these
simdi,now
silahları,weapons
seviyorsun,love you
dediğin,you say
etsin,you've
yardımına,help
dev,giant
paramı,my money
kendinden,self
gönder,Send
eşlik,accompaniment
içmek,drink
zamanım,time
araç,vehicle
inan,believe
çocukken,kid
çocuğum,my child
red,rejection
adımı,the step
nükleer,nuclear
pes,pES
dahaki,more on
dert,trouble
verdiler,they gave
günlerde,in the days
birleşik,unified
sağolun,thanks
haberler,news
kartı,card
şişe,bottle
kilometre,kilometer
derim,I say
yumurta,egg
eksik,missing
sağlıklı,healthy
kutu,box
İçeride,Inside
amerikalı,American
ed,Contact
olamazsın,you can not
gör,see
nathan,nathan
olmalıyız,We must be
hükümet,government
çıkalım,Let's go
programı,program
göstereyim,Let me show you
geldiler,they came
düşündüğüm,I think
hanım,lady
nakit,cash
hafif,light
korkuyor,afraid
alışveriş,shopping
pişman,regret
kendilerini,themselves
his,feeling
izle,watch
di,di
görmemiştim,I have never seen
lord,lord
atla,skip
bedava,free
toplantı,meeting
gücünü,power
yapmaz,do not do
kendisine,to herself
kontrolü,control
karşısında,opposite
romantik,romantic
n'aber,whats up
edemezsin,you can not
babasının,the father
çeviren,translated
arayın,call
bakarım,I look
pahalı,expensive
söyleyen,said
görünce,seeing
indir,download
alice,alice
tıp,medicine
kişilik,personality
eyalet,state
yardımı,help
görmüştüm,I had seen
partisi,party
atmak,throw away
basın,Press
çıkardın,you did
bıktım,I'm tired
ismini,your name
rol,role
stan,stan
aniden,suddenly
verdiğin,you gave
sizde,in the first
korkma,do not be afraid
ilgilendirmez,do not care
bildiğin,you know
şerefe,Cheers
temel,basic
hoşgeldiniz,welcome
bitmedi,finished
hele,hele
katı,solid
karşılığında,in return
köpeği,dog
giderken,en route
olmasa,although
hakim,judge
riske,risks
gelene,from
geceyi,night
alacağız,We will
aksi,opposite
üzücü,sad
dış,tooth
bardak,glass
arkadaşlarım,my friends
sadık,loyal
yaparsan,If you do
ediyorsunuz,curious
yerlere,place to
buçuk,half
bulmalıyız,We need to find
bildiğini,you know
çıktım,I went
uyku,sleep
biliyordun,you know
bilmeni,know
vampir,vampire
düşünmüyorum,I do not think
testi,test
gelmişti,He had come
gözleri,eyes
emily,emily
geçerli,valid
jenny,Jenny
şüphe,doubt
cehennem,hell
yapmıyorum,I do not do
yazı,article
ailenin,the family
kızları,daughters
yakala,Catch
olduğunuz,you
you,you
tim,team
şişko,fat
kafam,my head
kalbini,your heart
çizgi,line
suya,water
öldürürüm,I will kill
kelly,kelly
st,str
öncelikle,Firstly
farkına,the difference
kararı,decision
göreceksin,you will see
göstereceğim,I'll show
alarm,alarm
tahliye,evacuation
endişe,concern
buldunuz,You found
olmadığına,not that
birbirine,each other
andan,moment
anlamıyor,does not understand
krizi,crisis
maçı,the match
yanı,so
önceydi,it was before
üyesi,member of
değişiklik,alteration
arkada,behind
sayı,number
almayı,take
komutanım,my commander
kapıya,the door
İnsanları,People
geçici,temporary
gönüllü,volunteer
çılgınca,crazy
karmaşık,complex
koyun,sheep
derecede,degree in
ayı,bear
vermiyor,does not give
başım,My head
umrumda,care
aldılar,they took
haberim,My news
seyahat,travel
taze,fresh
söylüyorlar,they say
sezon,season
tuvalete,the toilet
rock,rock
tanrının,the gods
işkence,torture
prens,prince
ediyordu,he would
yumuşak,soft
banyo,bathroom
devlet,state
göreceğiz,We'll see
sevdiğin,you love
biter,ends
sorunum,My problem
aşkım,my love
geniş,Large
marcus,marcus
vaktim,my time
veda,farewell
mahkum,convict
arası,between
İkisi,The two
yatakta,on the bed
İğrenç,Disgusting
oy,vote
iddia,allegation
taraf,side
rahip,priest
um,hope
hızla,quickly
seninki,yours
getirir,brings
annemle,with my mom
mac,match
sanıyorum,I think
bela,darned
hakkı,right
çalıştığım,I tried
yılın,the year
hayatında,life
diğeri,other
geçirdi,spent
konuştun,you talk
delik,hole
üzerindeki,on you
sorunumuz,our problem
neredeydin,where have you been
hissediyor,feels
gemiyi,ship
kokusu,smell
annene,to your mother
aydır,months
yapmanı,do
yavaşça,slowly
yaşındaki,year-old
duymadım,I did not hear
pazartesi,Monday
denir,called
ettiniz,You have
adalet,justice
şunları,the following
randevu,appointment
alanı,area
dediği,as well
edebilirsin,you can
vücut,body
olmalısınız,You must be
uçağı,the plane
mısır,Egypt
hemşire,nurse
yarısını,half the
gizlice,secretly
kafana,head
geleceği,the future
konuşuyorum,I'm talking
kurtarmaya,save
aldığını,it takes
şehre,city
aklından,his mind
olmazdı,I would not
gitmeden,you go
kendimizi,ourselves
okulu,school
istediğiniz,you want
iletişim,Contact
kaybetti,lost
partiye,party
yaptılar,They did
düşündüğünü,you think
yapıyordum,I was doing
başkası,somebody else
hazırız,we are ready
verdiğim,I gave
olduğunun,that
anlayamadım,I do not understand
ölen,dying
tanıyorsun,you know
amy,amy
ağzını,mouth
başlar,starts
herneyse,anyway
trafik,traffic
ölür,dies
yüzü,face
sonucu,results
izlemek,watch
bekliyoruz,we are waiting
kart,card
görünmüyor,does not seem
çöp,garbage
bakacağım,I will look
yapmalıyım,I should do
merkez,center
frodo,frodo
victor,victor
biriyim,I am
den,from
alacaksın,you will
açıklama,explanation
bilemezsin,you can not know
morgan,morgan
ekmek,bread
hesap,account
hırsız,thief
sonrası,post-
edward,edward
smith,smith
öldürür,kill
doktora,doctorate
kafası,head
rahatla,relax
babama,my father
başlamak,to start
verirsen,If you give
anı,sudden
özgürlük,freedom
aslına,fidelity
arayan,caller
bakılırsa,judging
istiyordu,he wants
bakarsan,If you look
efendi,master
oğlun,your son
içerisinde,in
planın,the plan
şeydir,thing is
yarıyor,yarıyor
çekiyor,attracts
arkasına,back to
yaptıklarını,they do
istemiyorsun,you do not want
girmiş,entered
atın,take
gösterir,shows
gündür,day
video,video
çalışırken,trying
düşündüğün,you think
geldiğin,coming
sara,epilepsy
milyonlarca,millions
geldiği,he came
çekti,drew
kımıldama,do not move
gideceksin,you go
görünen,visible
öne,forward
vaktimiz,our time
gemisi,ship
halk,people
ilan,ad
ağzına,mouth
doğrudan,directly
hassas,sensitive
kısmını,part
elimi,my hand
jeff,jeff
günden,the day
mucize,miracle
temsil,representation
etmedi,I did not
öğrenci,student
gideriz,we go
annie,annie
Lucy,Lucy
göğüs,chest
olmaması,the lack
er,er
çekin,pull
yaş,age
Susan,Susan
bari,at least
otobüs,bus
duyduğuma,I heard
gerektiği,it should
kişiler,persons
beyefendi,gentleman
dördüncü,fourth
lordum,my lord
halinde,in case of
duş,shower
etmen,factor
aldığım,I received
oynuyor,playing
yüzlerce,hundreds of
Jackie,Jackie
korkuyorsun,are you afraid
günah,sin
kuru,dry
ipucu,hint
tanıdık,familiar
hepimizi,all of us
canı,villain
koku,smell
ağaç,tree
izleri,tracks
duyduğum,I've heard
ölüyor,is happening
gelirse,If you come
babanı,father
havada,in the air
düşünmeye,thinking
olmuştur,has been
oğlumu,my son
etmedim,I did not
veriyorsun,you give
seven,loving
cam,pine
aramak,call
yeteri,enough
rüzgar,wind
Lucas,Lucas
gitmiyorum,I'm not going
geçer,passing
toprak,soil
kırık,broken
net,net
bilet,ticket
unutmuşum,I forgot
yaralı,wounded
pizza,pizza
ölümcül,fatal
heyecanlı,excited
bileyim,I know
geçecek,will pass
sorum,My question
garanti,warranty
üstesinden,overcome
fare,mouse
oku,read
konuşacak,to talk
anlamak,understand
bravo,Bravo
alabilirsin,you can take
gizemli,mysterious
tuttum,I kept
babana,to your father
soruyorum,I ask
orayı,it's
anneni,Your mom
savaşa,fight
dikkatini,attention
gördüğünü,he saw
masa,table
olduk,We have
bendim,it was me
Phil,Phil
kirli,dirty
şişman,fat
sandın,you think
gelsin,you come
düşünüyoruz,we think
yapamaz,can not
kullanarak,using
yazar,Writer
kadınları,women
tutuyor,holding
bırakalım,leave
hoşgeldin,Welcome
paket,package
anlayamıyorum,I can not understand
sürdü,lasted
İçki,Drink
biliyorlar,they know
gibiyim,I'm like
eşcinsel,gay
denemek,try
katta,on the floor
benzin,gasoline
emekli,retired
mm,mm
gelmesini,to come
geçmek,pass
başardın,you did
yaklaşıyor,approaching
evlenmek,get married
yüzüğü,rings
belaya,trouble
anlarsın,you know
alakalı,relevant
dönecek,will return
kalacaksın,You're going
keskin,sharp
dönüş,return
delilik,madness
öylesine,such
gemiye,on board
sürecek,will
seferinde,at a time
konuşacağım,I will talk
hissetmiyorum,I do not feel
açığa,open to
sürede,time
başardık,We were able to
ayakkabı,shoe
bekliyordum,I was expecting
herifin,guy
şok,shock
götüreceğim,I'll take
maymun,the monkey
bekleyen,expectant
ruhu,spirit
hepsinin,All of them
katılıyorum,I agree
iste,Request
elveda,goodbye
sorular,Questions
yaşındayken,the age of
kraliçe,queen
güzelmiş,nice
farkı,difference
verildi,He was given
sonrasında,after that
yardımcısı,help
yaşıyorsun,You live
görüşme,interview
uçağa,on board
bitir,finish it
neyle,with what
Simon,Simon
silahlar,weaponry
yapmalısın,You should do
Jackson,Jackson
yapmayacağım,I will not do
sevdiği,love
amacı,purpose of
kasaba,town
dakikada,in minutes
sipariş,order
korkak,funky
i,I
mutluluk,happiness
hapiste,in prison
paranın,the money
hasar,damage
yaratık,creature
oğlan,boy
biridir,it is one
etkisi,effect
çaldı,rang
şikayet,complaint
yaşa,live
yaptıkları,they do
kaybettin,lose
tanıştım,I met
geminin,the ship
ışığı,light
gidebilirsin,you can go
bakış,view
fırsatı,opportunity
arıyoruz,we're searching
kazandı,won
kötüsü,worse
duymuştum,heard
makine,machine
dondurma,ice cream
bulamadım,I couldnt find it
yetişkin,adult
lex,lex
kimlik,ID
Vince,Vince
girdim,I entered
faydası,benefits
it,it
olalım,Let's
sahne,scene
gittiler,they went
birisinin,one
ederek,by
takma,false
to,to
yetenekli,talented
hayatına,life
İzninizle,with your permission
oyuna,game
müsaade,permit
kazandım,I won
yapardım,I used to do it
alıyorsun,you take
getireceğim,I will bring
gözünü,eye
seçenek,option
renk,color
gözü,eye
vereceksin,You give
durdu,stoped
dönelim,Let's
zafer,victory
hastane,hospital
bayılıyorum,I love
evini,house
kusursuz,perfect
robin,robin
kralı,King of
oluyorsun,you're
sohbet,conversation
çalışacağım,I will work
haftaya,next week
gelme,coming
gerekeni,needed
kendinize,yourself
demiş,said
temin,procurement
evimde,my house
sıfır,zero
arkadaşların,your friends
etmiştim,I've
bulur,finds
Derek,Derek
yakından,closely
belediye,municipality
arıyordum,I was looking for
bina,building
beklemek,wait
yaradı,Create
huh,huh
oyuncak,toy
gitmedi,He did not go
canımı,canımı
sür,take
olmasaydı,Without
sözü,mentioned
gergin,nervous
tatil,holiday
Roger,Roger
olmadığımı,I have
komutan,commander
radyo,radio
patates,potato
uğruna,for the sake of
olaylar,events
sigorta,insurance
motor,engine
bulurum,I find
pilot,pilot
ederken,while
durup,stop
gitmelisin,you should go
yapmadı,He did not
yokmuş,have no
gördük,We saw
louis,louis
grubu,group
şaşırtıcı,amazing
kapatın,close
etmeden,without
arkadaşları,friends
götürmek,take
patlama,explosion
güzelsin,You are beautiful
beğendim,I liked it
yorgun,tired
belada,in trouble
arkadaşını,friend
kaçırdın,You missed
yedek,replacement
girer,enter the
madde,matter
olursan,the matter
aynısını,the same
demir,iron
tadı,its taste
gösterdi,showed
çözüm,solution
başta,first
kadınların,women
dna,DNA
fred,fred
olayın,event
kalabalık,crowded
hank,hank
program,program
şiddet,violence
görebilir,can see
miydim,Did I
altından,under
uzağa,away
yılan,snake
izni,permit
içindir,it is for
başladın,start
dönmüş,frozen
getiren,that
deneme,trial
kalmaz,Do not stay
göt,ass
kurtarma,recovery
İnanamıyorum,I cant believe
öğrendin,did you learn
sanmam,I do not think so
görür,sees
kaynağı,source
öpücük,kiss
geçmişte,in the past
alet,tool
fırtına,storm
duvara,to Wall
cenaze,funeral
peşine,advance to
sokakta,in the street
çıkardı,pulled out
julie,julie
kod,code
ülkenin,the country
tyler,tyler
tehlikede,in danger
verelim,Let's
paranı,money
oyuncu,player
topla,gather
grace,grace
homer,homer
mesajı,message
olmayabilir,may not be
düşünün,think
anladınız,you tell
arkaya,back
açıdan,in terms of
aldığı,receives
götürecek,will take
yumruk,punch
sistem,system
görüntü,image
gidiyorsunuz,Are you going
metal,Metal
idi,was
sordu,asked
bırakıyorum,I am quitting
müşteri,customer
edemez,I can not
çikolata,chocolate
edebiliriz,we can
görmüyor,does not see
madam,madam
eşyalarını,their belongings
intikam,revenge
maria,marie
manyak,maniac
çalışıyorlar,they're trying to
kurtulmak,escape
ölüme,to death
ihtiyaçları,need
sırası,sequence
öyleyim,I am
herkesten,from everyone
kapının,door
olabiliriz,we can be
randy,randy
kibar,polite
haberin,the news
yerinden,displaced
arkanı,the rear
olmamış,never been
karen,karen
arkadaşının,friend
nesin,what you
oldugunu,oldugunu
elimizden,our best
eş,spouse
konuşurken,talking
alıyoruz,we take
olsan,olsen
büyükanne,grandmother
tatmin,satisfaction
düşünmemiştim,I think
robot,robot
gerçi,though
öteki,other
kaçmak,escape
şükürler,thank
istiyorsanız,If you want
doug,doug
gerekiyorsa,If you need
devre,circuit
kurtardı,saved
ten,skin
saldırıya,attack
salı,Tuesday
geçin,switch
değiştirmek,change
howard,howard
öldürdüğünü,he killed
çıkmaya,evolution
tan,diagnosis
erdi,It ended
koydum,I put
golf,golf
terry,terry
minik,tiny
soracağım,I will ask
cezası,penalty
makinesi,machine
birinden,from one
yüzüme,my face
beğendin,like you
dolara,dollars
tuvalet,toilet
çağır,call
bebeğin,baby
buyrun,here you are
bırakmış,left
minnettarım,I'm grateful
pembe,pink
yerim,I eat
anlamaya,understanding
mermi,bullet
süreliğine,while the
izini,permit
havalı,cool
geliyoruz,we are coming
öldürme,kill
yetecek,enough to
yaşasın,hooray
kafasına,head
geçip,through
bakıp,look
davranıyorsun,you're acting
korumaya,protection
kurbanın,the victim
olmamız,we have
açmak,open
mahkemeye,court
güne,day
yakalayın,catch
oturuyor,sitting
herifler,motherfuckers
meyve,fruit
kardeşini,brother
bayılırım,I love
bruce,bruce
roy,roy
fazladan,extra
laf,word
halen,currently
oydu,he was
gitmesine,go to
katılmak,join
numarayı,number
giriyor,it is entering
işlerini,jobs
melek,angel
mektubu,letter
atıyor,beats
döner,rotary
üniversite,university
başın,Press
kadarı,up
şaşırdım,I was surprised
haberleri,news
gelmeye,come to
yıldızı,star
yıldan,years
düşünce,idea
kaldırın,lift
katie,katie
dersi,course
bilmen,know
birilerini,someone
diyorsunuz,you say
miles,miles
talep,request
kaybı,loss
savaşta,in battle
elizabeth,elizabeth
sabit,constant
bıraktın,you left
oldukları,they are
bugünkü,current
ertesi,next
babamla,with my dad
olsaydın,if you were
esas,basis
duygu,emotion
hoşlanıyorum,I like
seri,sherry
kilitli,locked
tekisin,you're
diyebilirim,I can say
yaptığınız,you do
bayıldım,I love it
görmedin,you have not seen
gündüz,day
marty,marty
deri,skin
olacaksınız,you will be
kalmayacak,will remain
yahu,ahoy
içindi,It was to
fazlasıyla,more than enough
içi,intra-
nin,the
yazdım,I wrote
koru,grove
düz,flat
yemeğine,to eat
kocası,husband
bahsetti,mentioned
kişiye,people
yedin,seven of the
kaybetmek,lose
nişan,engagement
sevdiğimi,I love you
eskisi,old one
cadı,witch
değildin,you did not
verebilirim,I can give
kalbim,my heart
gittikçe,more and more
pasta,cake
barry,barry
inanmak,believe
sorunları,issues
paran,your money
vermelisin,You gotta give
acıyor,It hurts
bahsediyoruz,we're talking about
haklıydın,you were right
kaydı,registration
taylor,taylor
tebrik,greeting
temas,contact
vuruldu,It was shot
görmüyorum,I do not see
çocuklarla,with children
anahtarları,switches
eller,hands
ettiğimi,I've
felaket,disaster
geldiğiniz,you come
annenle,your mother
önemsiz,insignificant
risk,risk
sandviç,sandwich
olmamı,not my
model,model
ayrıldı,Left
şanslısın,you're lucky
girdin,input
kadeh,glass
kilise,the church
kimseyle,anyone
aldınız,you received
abby,abby
kazanan,winning
gördüğünüz,you see
rahibe,nun
etrafı,around
sevmem,I do not like
lily,lily
ellerinde,their hands
sonsuz,endless
dik,steep
japon,Japanese
kıçına,ass
raporu,report
telefonunu,phone
sonuçları,results
sensiz,without you
hapishane,prison
operasyon,operation
sağlamak,provide
çığlık,scream
başının,head
hile,trick
durdurmak,stop
verilen,given
hikayeyi,story
otuz,thirty
yanıyor,on fire
bakan,minister
kızımı,my daughter
kanser,cancer
alırsın,you get
bilinen,known
lezzetli,delicious
roma,Rome
suçun,crime
hayvanlar,animals
çalışır,works
söylemeyi,tell
hastalığı,disease
kılıç,sword
demişti,he said
düşünme,thinking
sihirli,magic
müfettiş,inspector
herifi,guy
kapıları,doors
tavşan,rabbit
buluruz,we find
ayda,month
çıktın,the output
kamp,camp
verip,whether
umuyorum,I hope
kanun,law
yağ,oil
erkeğin,men
noeller,christmas
ederdim,I would
başlayacak,to begin
hoşlanıyor,enjoy
nate,nata
kimden,from who
tabiki,of course
patrick,patrick
akıllıca,wisely
karşıya,across
düşmüş,fallen
toz,powder
beşinci,fifth
müziği,music
tur,type
sarışın,blonde
sakinleş,calm down
olabilirler,can
normalde,normally
İster,either
yokken,in the absence of
gitmen,Do not go
vergi,tax
olanlardan,ones
uzman,expert
güvenliği,security
yapıyordu,I was doing
helen,helen
oğlunu,son
öğlen,noon
sağlayacak,will provide
yemeğini,the meal
olacaklar,will be
yanıma,yanıma
konuşmalıyız,We need to talk
yorgunum,I'm tired
hikayesi,story
aşkın,over
jean,jean
istemedi,he did not want
davranış,behaviour
saattir,hours
mola,break
davayı,case
diz,knee
öldüğü,died
geceki,night
bar,bar
suyun,of water
acımasız,brutal
meydan,square
sessizlik,silence
ormanda,in the woods
korusun,bless
günleri,days
arasına,between
a,a
Andrew,Andrew
viski,whiskey
mezun,graduated
devamlı,continuous
olabilecek,will be
edemiyorum,I can not
olamam,I can not be
donna,donna
üzerime,upon me
hatırladım,I remembered
müsün,mucin
çıkarma,extraction
annesinin,his mother
durdurun,stop
olacağı,will be
böcek,insect
parayla,With money
karımı,my wife
döndün,you're back
askerler,soldiers
olmalıydı,it should have been
resmini,your picture
parçaları,pieces
bildiğimiz,we know
çağrı,call
moda,fashion
olmalılar,They should be
çalıyor,playing
etmemi,to my
yarış,race
gümüş,silver
vermez,does not
sahiden,really
götürdü,he took
tekne,boat
gönderin,send
İtalyan,Italian
biçimde,in a way
uyu,Sleep
yakalamak,catch
hal,status
vincent,vincent
borçluyum,I owe
olaya,event
görmeyi,see
polisin,the police
ani,sudden
edeceğini,will be
sevmiyorum,I do not like
saçmalama,come off it
kalacağız,We will stay
bittiğinde,When finished
amin,amine
kalabilir,may remain
etrafa,around
insana,people
çanta,bag
alay,regiment
ince,thin
kızların,girls
yaşadığını,he lived
anlamsız,meaningless
adresi,address
buyur,commanded
arabayla,with car
kurtardın,you saved
yerler,places
gününü,day
julia,julie
gordon,gordon
gelmedim,I did not come
alkol,alcohol
aziz,saint
kardeşinin,brother
çıkıyoruz,we're going
daire,circle
sabaha,to morning
vurmak,hit
wayne,wayne
bizzat,personally
kemik,bone
görünüyordu,it looked
burnunu,nose
alçak,low
savaşın,fight
anlatmaya,tell
tutar,amount
etmesini,to the
saate,hours
yapmadın,you did not
konuştuk,We talked
şampanya,champagne
güzelim,beautiful
altyazı,subtitle
açlıktan,from hunger
bakabilir,You can see
verdiğini,decided that
bugüne,today
hissettiğini,you feel
kolayca,easily
başlıyorum,I'm starting
noktası,point
kazandın,you won
konuşmalıyım,I need to talk
aracı,mediator
aylık,monthly
lana,lena
binanın,the building
kafamı,my head
gününde,on the day
değişik,different
perşembe,Thursday
bilgileri,information
gittik,We went
barda,the bar
katili,killer
tesadüf,coincidence
wilson,wilson
hız,speed
böylesi,such
uçan,flying
duran,standing
eşi,partner
haftadır,weeks
istemiyoruz,We do not want
yaşadım,I've had
gördüğümde,I saw
tarzı,his style
ron,ron
buldular,they found
puan,point
anlatayım,let me tell
harvey,harvey
yönetim,Administration
kaçak,leakage
erkeklerin,men
soruyu,question
birliği,unity
eşim,my partner
laura,laura
rick,rick
gitmeni,go to
girebilir,You can enter
gemide,on board
no,No.
yaşamaya,live
ailemi,my family
halka,ring
gitmeyi,to go
arkadan,behind
ölmeden,he died
bildiği,know that
isterse,If you want
ayın,ritual
sözünü,promise
bırakır,leaves
bildin,did you know
allahım,allah
söyleyebilirsin,you can say
ölümüne,to death
dertte,in trouble
kokain,cocaine
anlar,moments
sally,sally
doktorlar,doctors
merhamet,pity
giy,wear
dinliyorum,I'm listening
attım,I threw
ciddiye,seriously
teşhis,diagnosis
kardeşimi,my brother
is,business
yaparak,by
bahsettiğini,he's talking about
senle,It s why
cevabı,answer
olurdum,I would
leo,leon
başlayın,begin
memnunum,I am pleased
kek,cake
rezil,infamous
tarz,style
güvenilir,reliable
ısrar,insist
parker,parker
aşkı,hanger
ooh,ooh
kalıyorum,I stay
komuta,command
anlatacağım,I will tell
şükran,gratitude
bilgiler,informations
terörist,terrorist
öldürmüş,He killed
yapmadan,without
vermedi,I did not
sizlere,you
suçum,crime
arabam,My car
balığı,fish
kalanını,the rest
etmeni,factor
uluslararası,international
gidebiliriz,I could go
malı,financial
sorumluluk,responsibility
house,house
adli,judicial
peynir,cheese
köle,slave
naber,whats up
bitmiş,finished
marie,marie
korkutucu,scary
demeye,to say
adamdı,the man who
başladık,We started
liz,liz
dick,dick
uyarı,warning
olana,from
kötüye,abuse
tarif,specification
kızını,Your daughter
örümcek,spider
güveniyorum,I trust
istediğimiz,we want
başlamadan,the start
uydu,satellite
benziyorsun,looks like you
benzemiyor,not like
connor,connor
cihazı,device
önemlisi,important
şapka,hat
kanlı,bloody
korktum,I scared
yapamayız,We can not do
bölgede,in the region
kolunu,lever
etmekten,from to
açtı,opened
direk,pole
önde,ahead
İtiraf,Confession
doldu,has expired
ateşe,fire
öğretmen,teacher
uzaktan,afar
artı,plus
bağla,connect
jesse,jesse
bakmaya,look
görecek,will see
cehennemde,hell
çıkmaz,impasse
istememiştim,I did not want
almadan,without
söylediğimi,tell
deniyor,it's called
frankie,frankie
karıştı,confused
söyleyeceksin,You're gonna tell
hı,what
yapıldı,done
marshall,marshall
günüm,my day
birilerinin,one of the
etkili,effective
söylersin,you say
oradaydı,was there
satış,sales
angel,angela
bitecek,will end
karı,wife
bulalım,Let's
dışarıya,out
yakaladık,We caught
edilen,Tagged
düzelecek,It will be fine
affet,forgive
etmişti,had
klasik,classical
yedim,I ate
doktoru,doctor
kader,destiny
vermeyi,to give
zekice,witty
dişi,female
yanıt,response
panik,panic
başımdan,my head
taşı,Move
telefona,phone
kurallar,rules
mars,anthem
bırakayım,I leave
özlüyorum,I am missing
sivil,civilian
ihtimali,possibility of
ederler,it's
kamyon,truck
istersiniz,Do you want
plastik,plastic
yaptığına,do that
alabilirim,I get
çocukla,child
istemezdim,I did not want
arabasını,car
geçiriyor,spends
dostlarım,my hearties
sordun,you asked
yapsın,you do
hatan,the error
öğren,learn
anlamda,sense
seve,seve
görünüyorum,My looks
duyabiliyor,hear
ho,home
elime,my hands
kokusunu,odor
tuzağa,trapped
washington,washington
ambulans,ambulance
amaç,goal
uyar,warning
bond,bond
söylemiyorum,I do not say
benimkini,mine
önem,importance
oluşan,formed
versene,Give us
gerekti,I had to
dediler,They said
numarasını,number
uzaylı,alien
değeri,value
kaybetmiş,lost
uslu,good
adamdan,the man
yaramıyor,does not
pisliği,mess
bıçağı,knife
vurdun,you hit
york'a,yorke
rengi,color
yazılı,written
gösteren,indicative
vurdum,I hit
lewis,lewis
insanlardan,from people
bilgiyi,information
kimliğini,identity
değişir,change
yatıyor,lies
giderse,If you go
yılında,in the year
ölüyorum,I'm dying
ton,ton
gazete,newspaper
anında,instantly
gitmiyorsun,You're not going
davranıyor,treats
sanıyorsunuz,you think
porno,porn
nasil,how
görüş,opinion
vereceğiz,I'll give
ihtiyar,old
cia,cia
konuşan,speaking
ağzından,from the mouth
deneyelim,Let's try
umuyordum,I was hoping
düzenli,tidy
kumar,gambling
Carlos,Carlos
ot,weed
lou,lou
görürsün,you see
seç,Select
yerime,my place
Gary,Gary
birbirlerine,to each other
olayım,event
gitmesi,to go
söylemen,Do not tell
anlam,meaning
sınır,boundary
eğlenceler,entertainment
durumun,the situation
tutan,holding
soruşturma,investigation
pencereden,the window
müdürü,director
örneğin,for example
virüs,virus
üvey,step
ruhunu,spirit
geldiğimde,when I came
gibiler,such as
birisiyle,someone
gerçekleri,facts
delil,proof
yapabileceğini,you can do
hatırla,Remember
ayrılmak,leave
davran,treat
lider,leader
modern,modern
görmem,I see
kimler,who
ikisini,both
görmezden,ignore
kafalı,-headed
yolla,send
kasabada,in town
nedeniyle,because of
yaşıyoruz,we are living
çeker,Are
kent,city
babanla,your father
odayı,room
üstün,superior
geçmişi,history
duymadın,you heard
kayıtları,records
izledim,I watched
jüri,jury
kaçmaya,escape
izliyor,is watching
yanılıyorsun,You're wrong
İşini,Your job
kum,Annual
çaresine,resort to
kadarını,until the
otomatik,automatic
üstüme,to top
İnsanlara,To people
yılı,year
noktaya,point
feda,sacrifice
earl,earl
pazarlık,bargain
meydana,occur
boku,shit
zordur,It is difficult
Greg,Greg
güzellik,beauty
yapamıyorum,I can not
şampiyon,champion
yalvarıyorum,I beg
yapabileceğimiz,we can do
noktada,at the point
yarayacak,will help
öldürün,kill
mahkemede,in court
ödülü,award
olumsuz,negative
içmeye,drinking
uyanık,awake
çalıştığı,it works
yanındaki,side
ziyarete,visit
yi,yi
herşeyin,everything
açıp,open
Maggie,Maggie
şarkıyı,song
gelmesi,arrive
Bart,Bart
gelsene,come on
öte,beyond
söylemeyeceğim,I will not tell
dinliyor,listening
vaktin,you have time
ahmak,idiot
öldürüyor,killing
oyunun,the game
hop,hop
olmayacağım,I will not
elli,fifty
Molly,Molly
izleyin,follow
zekalı,witted
zamanla,in time
öldürmedim,I did not kill
yaparlar,they do
kurtar,save
düşüyor,falls
öylesin,get it
üniversiteye,university
kalmaya,remain
servisi,service
oğlumun,the son
cennet,heaven
öncesi,pre-
gereksiz,unnecessary
kaçırdım,I missed
karanlıkta,in the dark
ortalıkta,around
dile,sorry
kocan,stub
Buffy,Buffy
haberdar,informed
borç,debt
keser,cuts
sesle,with voice
darbe,coup
ailesinin,the family
altındaki,below
mevcut,available
uyum,harmony
Johnson,Johnson
masaya,table
hikâye,story
tuttu,kept
alırız,we take
kurmak,establish
otelde,in hotel
hukuk,law
çıkarsa,If
sabahın,the morning
Linda,Linda
uzaklaş,out
karısını,his wife
dosya,file
tutmaya,keep
soygun,robbery
hain,traitor
konsantre,concentrated
anladığım,I understand
bekliyorlar,they're waiting for
ekselansları,His Excellency
söylemesi,tell
önden,front
geçelim,Let's go
tarafına,party to
anlattım,I told
telafi,compensation
getiriyor,brings
edilemez,can not be
bulmam,I find
milyar,billion
söylerdi,he said
almıştım,I bought
bulamıyorum,I can not find
adamımız,our man
kardeşimin,my sibling's
Angela,Angela
öp,kiss
gelmeyecek,will not come
dinleme,listening
sınıfta,in the class
duvar,wall
giderek,increasingly
avcı,Hunter
duruyorsun,you keep
sesleri,sounds
bulabilirim,I can find
değiştirdi,changed
etmeyeceğim,I will not
savaşçı,warrior
isteyeceğim,I will ask
yatın,the yacht
Carol,Carolina
kış,winter
lise,high school
gideceğini,would go
sağlıyor,are providing
meşgulüm,I'm busy
görevim,my duty
bahsediyor,Talking about
boşuna,in vain
çocuğunu,child
içelim,let's drink
pas,rust
miktarda,the amount
garson,waiter
sabırsızlanıyorum,I can not wait
okumak,reading
boy,size
geçit,passage
york'ta,in york
yapardı,He would do
sıraya,row
yetenek,ability
çalmak,play
ok,arrow
çıkmadı,It came out
dolusu,fill
etmedin,you did not
İşim,Name
yandan,hand
konuya,subject to
olurlar,will
zehir,poison
alındı,receipt
türden,kind
merkezine,center
genetik,genetic
josh,josh
bağlantısı,link
yoruldum,I'm tired
işime,my job
haberlerim,My news
planım,plans
ihtimal,odds
yapmaktan,from making
yemiş,fruit
bekledim,I waited
üstünü,degree of
hapis,prison
halkın,the people
kimmiş,who
yaşındasın,are old
elle,hands
söyleyip,telling
olacağına,would be
yük,load
koydu,laid
gittiği,he went
vermeden,without
fıstık,peanut
ordusu,army
yapıyordun,were you doing
vermişti,He had given
kalem,pen
adres,address
ötesinde,beyond
dilemek,wish
Todd,Toddler
yöne,direction
üzülme,Do not be sad
vali,governor
gidiyorlar,they are going
verirseniz,If data
helikopter,helicopter
kovboy,cowboy
Leonard,Leonard
gay,gays
olayları,events
çete,gang
çekim,pull
oksijen,oxygen
sakla,hide
veri,data
yapacaksınız,you do
aranızda,among you
niyetim,My intention
icabına,take care of
başardım,I was able
İndir,Download
bitirmek,finish
buradaydı,I was here
aldığın,you get
jamie,jamie
sürmez,It will not take
buluşma,meeting
yerleri,locations
listesi,list
ned,ned
küçükken,"young,"
bitince,finished
şirketin,the company
bakacak,look to
belkide,maybe
zamanını,time
düşünüyorlar,they think
cooper,cooper
kurabiye,cookie
beynini,brains
okulun,the school
işlerin,the works
tracy,tracy
yapılması,done
teklifi,offer
yarbay,lieutenant colonel
justin,justin
matthew,matthew
hırsızlık,theft
sınırı,limit
duymuş,heard
bitiyor,ends
yazan,writer
yavrum,baby
görünmez,invisible
bulunduğu,where
sapık,pervert
köpekler,dogs
nerdeyse,almost
sorma,dont ask
kıçımı,my ass
politik,political
cinayeti,murder
sinirli,angry
ulaşmak,reach
İsmi,Name
londra,London
oğlunun,the son
alana,area
miller,miller
derdim,I would say
midir,is it
sersem,giddy
düşünmüyor,does not think
korkmuyorum,I'm not afraid
silahın,the weapon
bulmamız,finding
adlı,judicial
ederse,If the
hatası,failure
dönüyorum,I'm going
sürüyor,progress
betty,betty
yıllarca,for years
İmkansız,Impossible
ikiye,in two
bilerek,on purpose
meşhur,famous
dostlar,friends
gezegen,planet
mecbur,forced
etmiyorsun,You do not
mmm,mmm
merkezinde,in the center
televizyonda,on TV
teker,wheel
hepinize,to all of you
wow,woW
hanımlar,ladies
koşun,jogging
işbirliği,cooperation
sıkıldım,I am bored
göreve,task
üstünden,across
hatırlamıyor,not remember
başlamış,started
hepinizin,you all
aksine,unlike
gürültü,noise
aa,AA
gidemezsin,you can not go
petrol,oil
oynamaya,play
döndüğünü,he returned
aktif,active
halkı,people
arkasından,behind
uçakta,aboard
brown,brown
veriyoruz,we give
müdahale,intervention
koymak,put
gelişme,development
çıkart,Remove
davis,davis
neyden,from what
çıkacağız,We're going
yaşadığı,lived
nancy,nancy
veriyorlar,they are giving
bırakacağım,leave
kaçış,escape
ülkede,in the country
almadım,I did not take
hali,carpet
açar,opens
duyamıyorum,I can not hear
ailemin,my family
getirecek,will bring
başkasının,someone else
kiliseye,church
kullanma,use
duman,smoke
bahis,bet
istemiyorsan,if you do not want
delirdin,crazy
hediyesi,gifts
alamıyorum,I can not
kulübü,club
me,ma
edebilecek,that can
şeylerle,with things
buysa,buysa
istediler,they wanted
ari,Aryan
ömür,life
kötülük,evil
şansını,chances
reklam,advertisement
biliyormusun,do you know
teknoloji,technology
başkaları,others
dil,tongue
hakkım,right
hepinizi,all of you
arkadaşımı,my friend
gözlerin,eyes
etmenin,the factors
jay,jay
çıkarmaya,removing the
yönünde,towards
vermedim,I did not
aklında,in mind
etmemiz,we have to
öfke,anger
ederdi,it was
tahta,board
soruyorsun,asks
sevmiyor,does not love
sydney,sydney
İstediğim,I want
gördüğü,sees
saçlı,haired
yakaladı,caught
boyun,neck
gördüğümü,I saw
sesler,sounds
yatırım,investment
tanırım,I know
cadılar,witches
kol,arm
oysa,whereas
aykırı,against
geçirmiş,have spent
roman,novel
kadınlara,women
çeken,suffering
kurusu,dry
yetmez,not enough
aaron,aaron
tanımıyorsun,You do not know
vermiştim,I gave
kullanmayı,to use
çıkacağım,I will go out
sayfa,page
ada,island
babasını,father
amma,amman
bildiğiniz,you know
mickey,mickey
boya,paint
birisine,someone
bilimsel,scientific
kaçmış,have escaped
sırrı,secret
şov,show
verdiniz,You gave
maruz,exposed
şiir,poem
durmadan,non-stop
cole,cole
bittiğini,it ends
dar,narrow
eger,if
işinde,business
konuştu,spoke
bekleyeceğim,I'll wait
sok,shock
kahverengi,Brown
bulana,bulana
etkisiz,ineffective
gösterin,show
işiniz,Your job
siktiğimin,fuckin
zorundaydım,I was difficult
neredeler,where are they
kapandı,closed
aklı,mentally
zehirli,toxic
emma,emma
burun,nose
toplantısı,meeting
hakkın,right
mıdır,is it
dediğine,also that
olmana,not to
misafir,guest
keith,keith
av,hunting
yem,forage
olumlu,positive
denize,overboard
gençler,youth
yolumdan,my way
iyiyiz,we are good
girmeye,enter
istemediğini,he did not want
çektim,I took
seçeneğim,options
delikanlı,lad
hazırla,prepare
düşünür,thinker
eğil,incline
bahset,mention
sağladı,provided
durumunu,status
bensiz,without me
yeah,yeah
kalanı,the rest
temizlik,cleaning
haklısınız,you are right
başardı,I was able
bitirelim,Let's end
sağlar,provides
başkalarının,others
çatlak,crack
olabildiğince,as much as possible
ilham,inspiration
çağırın,call
allison,allison
sayısı,number
elmas,diamond
kabus,nightmare
gücün,power
raymond,raymond
anlamını,meaning
veronica,veronica
nehir,river
logan,logan
düşünsene,Imagine
amerika'da,in america
götürür,take the
eti,meat
ağrıyor,hurts
büyücü,Wizard
söylediklerini,said they
okudun,read
çekiyorum,I'm pulling
yarına,for tomorrow
içimde,inside
ikimizin,the two of us
dakikaya,minutes
çıktığını,come out
İleri,Further
dennis,dennis
değii,'s not
şahsen,personally
söylememi,tell me
dana,calf
inkar,denial
gitsem,gitsem
sinyali,signal
ilişkisi,relationship
terfi,promotion
espri,humor
özleyeceğim,I will miss
yemekten,eating
altını,gold
fikrimi,my mind
sonny,sonny
fotoğrafı,photo
jacob,jacob
hoşlanmıyorum,I do not like
şifre,password
katilin,the killer
arıyorlar,they are looking for
popüler,popular
otele,hotel
işareti,mark
söylüyorsunuz,you say
willie,willie
yasadışı,illegal
edersiniz,will you
avukatı,lawyer
düzine,dozen
adet,piece
kasabaya,town
bunlarla,therewith
görebiliyor,can see
idam,execution
aah,aah
birbirlerini,each other
aradın,called
kalırsa,If
elindeki,in your hand
anlatacak,will tell
davası,case
elliot,elliot
kutlu,blessed
etki,effect
man,Man
yardımın,help
yakıt,fuel
yaşına,age
çevir,translate
anlaşmayı,agreement
çarşamba,Wednesday
evlenme,marriage
seth,seth
yazmış,He wrote
geçtim,I passed
nasılsa,somehow
kendilerine,themselves
kızının,of girl
çalışıyorsunuz,you are trying
önünden,front
kaçık,nut
çoğunu,most of the
kalmayı,stay
gelmiştim,I come
kimliği,identity
derse,course
anlıyorsun,you understand
çıkardım,I took
karşınızda,your face
ibaret,nothing
saçını,hair
gitmesini,go to
harita,map
yatmak,lie
jennifer,jennifer
jordan,jordan
satmak,sell
yapmıyor,does not
versin,give
olmanız,Do not
amerika'nın,in america
oturma,sitting
doğruca,straight
duyduk,We heard
kesip,cut out
borçlu,debtor
bugünlerde,nowadays
amiral,admiral
birimiz,one of us
blok,block
aralar,Search for
yanından,over
dakikalığına,minutes
odama,my room
tanıştığıma,to meet
amerika'ya,america
kalkın,developing
süren,time
elleri,hands
ibne,fagot
orman,Forest
stanley,stanley
giren,incoming
İngiltere,England
ağrı,ache
kızımın,my daughter
gözler,eyes
çılgınlık,frenzy
dostun,your friend
sessizce,quietly
başımıza,our heads
sesin,sound
ödemek,pay
kurallara,the rules
kaçıyor,fleeing
geliyordu,sounded
dogru,true
kıç,ass
kimyasal,chemical
dağ,mountain
hakaret,insult
gösterecek,to show
İşleri,jobs
öleceksin,you will die
kaçın,avoid
charlotte,charlotte
almaz,It does not take
aklımdan,my mind
arkadaşlarını,your friends
seviyoruz,we love
getiririm,I return
nadir,rare
çalıştın,you worked
martha,martha
brad,brad
arabamı,my car
oğlunuz,your son
endişeleniyorum,I'm worried
düzen,order
değiştirdim,I change it
bekleme,wait
öldürdüler,they killed
geçiş,transition
steven,steven
içecek,beverage
kalmasını,remain
şunun,the following
hoşçakalın,goodbye
bİr,one
çocuklarım,My children
almalıyım,I have to get
deniyorum,I am trying
sophie,sophie
abi,brother
arkadaşına,friend
kilit,lock
randevum,appointment
miydiniz,Did you
eşyaları,goods
walt,walter
oturmak,sit
lideri,leader
ticaret,trade
gidemem,I can not go
almalıyız,We need to get
örneği,example
demin,just now
kanal,channel
sağla,provides
vermiyorsun,do not you
devreye,circuit
ellerinizi,your hands
ye,eat
yiyelim,let's eat
resimleri,pictures
harikasın,harikasın
belası,scourge
las,las
tanesini,them the
kasa,safe
diyeyim,I say
binayı,building
ailesini,family
kendimden,from myself
hakkını,the right to
eşit,equal
teyze,aunt
ian,ian
brooke,brooke
yasa,live
göreceğim,I will see
nerelerdeydin,where have you been
minnettar,grateful
olayını,event
yolladı,he sent
penny,penny
attın,you put
eşek,ass
dönem,period
sebebini,the reason
bire,to one
monica,monica
dönüyoruz,we're going
haklıydı,He was right
oturan,sitting
beth,beth
dansı,dance
hayran,fan
dönmem,I return
bense,b Sense
ülkeyi,country
kuvvetli,powerful
başlama,start
masanın,table
düşündü,thought
bulduğumuz,we found
benle,with me
birşeyi,something
borçlusun,you owe
haksızlık,injustice
baya,baya
ölümünden,his death
yapmasını,do
yapabileceğin,you can do
ortalığı,mess
babanız,your father
amanda,amanda
shane,shane
aptallık,stupidity
yapmıştım,I have done
soruyor,asks
abd,USA
çıkarıp,Remove
gitmişti,He had gone
liste,list
yayın,broadcasting
joseph,joseph
kuzeye,north
gelemem,I can not come
çantayı,bag
ötürü,due to
düşen,falling
kalbimi,my heart
konuşurum,I talk
hapisten,of jail
kıyafet,clothes
başarı,success
bulacak,will be found
memuru,officer
aslan,Lion
töreni,ceremony
yürüyüşe,walking
bulabilir,find
oradaydım,I was there
biçim,format
sayede,way
bırakacak,leave
defolun,Get out
jin,j
şüphesiz,no doubt
edilecek,will be
başladılar,they began
sayıda,number
yüzümden,my face
matematik,maths
açıldı,opened
dışarda,externally
onlarda,they
kafan,head
taşıyor,carrying
ethan,ethan
verirsin,you give
lafı,remark
imza,signature
belirsiz,uncertain
istedikleri,they want
dükkanı,shop
emniyet,safety
kata,floors
oynayalım,let's play
yapmana,making the
saatin,the clock
sağlayan,providing
sizleri,you are
öldüğünde,when he died
diyeceksin,you say
casey,casey
kardeşler,siblings
sorunlar,problems
gözlerimi,my eyes
rüyalar,dreams
çıkarken,while
adamlarım,My man
kaya,rock
istiyorsa,If you want
döndüğünde,when he returned
ettiğiniz,that you
sokaklarda,in the streets
zahmet,bother
üzereyim,I'm about
şeyini,the thing
jonathan,jonathan
alması,take
öleceğiz,we will die
bulabiliriz,we find
yaşındayım,years old
söylediniz,you said
hücre,cell
mösyö,monsieur
görevin,the duties
direkt,direct
işle,process
müsait,available
görevlisi,officer
kımılda,moving
yemeye,eat
kraliyet,royal
yapardın,you do
yapabilecek,to do
çelik,steel
kızarmış,fried
bilmez,ignorant
kalkıp,up
ölümden,death
dönme,rotation
annesini,mother
biziz,We are
şekli,shape
gönderdim,I sent
doları,dollar
tadına,taste
yüze,to face
istediklerini,they want
kenny,kenny
kurulu,board
sun,offer
tetiği,trigger
dilini,language of
şeyde,the thing
şehirdeki,in the city
öğretti,he taught
elma,apple
telefonun,phones
haksız,unfair
olabilirsiniz,you may
kolu,lever
yaptığınızı,do you
oynamayı,to play
muydunuz,Did you
konuşur,speaks
rüşvet,bribe
ağlama,cry
konuşuyoruz,we are talking
uzmanı,professional
doktorun,doctor
tanıklık,testimony
şart,must
diyebilirsin,you can call
hesabı,account
king,king
ktir,k is
icat,invention
sokağa,street
böylesine,such
etmeyecek,will not
çabucak,quickly
bölgesi,region
zorlu,tough
düşündük,We thought
mutsuz,unhappy
okuma,read
bekar,single
ajanı,agent
olmadım,I did not
geciktim,I am late
mutfakta,in the kitchen
arkadaşız,friends
giriyorum,I'm going
şeref,honor
oyna,play
aklımı,my mind
baktı,he looked
paylaşmak,share
inanabiliyor,you believe
diğerlerini,others
durumunda,in case of
buradalar,here
arkadaşımın,my friend's
çaldın,you stole
ek,additional
İşimi,my job
sent,cent
mulder,MuldeR
mutfak,kitchen
bn,bn
beyni,mastermind
hedefi,target
elaine,elaine
şahit,witness
saldırdı,attacked
gözlerim,my eyes
anlamıyla,literally
eninde,at the
yolcu,passenger
michelle,michelle
diyeceğimi,to say
kutusu,box
birincisi,first
anlarım,I know
ölmesini,dead
şeklinde,shaped
gözüm,My eye
açıklaması,description
deneyeceğim,I will try
yiyor,eating
pam,pam
transfer,transfer
han,inn
cesedini,his body
arasından,through
çıktığında,when out
buluşalım,let's meet
sonradan,later
teksas,Texas
tess,Tessa
başkasını,someone else
amına,am to
çocuklarını,children
Craig,Craig
ameliyatı,surgery
kızlara,the girls
olmamalı,should not be
telsiz,radio
açma,opening
aradığını,Leave it
çaba,effort
delisin,crazy
seçti,choosed
olmayacağını,would not be
İçine,Into
bulursun,you'll find
arkanda,behind you
ölmedi,it did not die
Kaplan,Tiger
gül,rose
büyüleyici,charming
gri,Grey
çıkabilir,may be
saygısızlık,disrespect
geçirdik,We had
gelmeni,to come
budala,fool
bulacaksın,You will find
tanımak,know
ölürsün,you're dead
tartışma,discussion
Lincoln,Lincoln
dünyadan,from the world
şeytanın,the devil
almanı,getting the
meksika,Mexican
önemlidir,It is important
Ellie,Ellie
sabırlı,patient
fincan,cup
arkadaşımla,my friend
basınç,pressure
salla,shake
aleti,the tool
dikkate,consider
sinemaya,to the cinema
üzerimden,off me
kaynak,source
pencere,window
göründüğü,it appears
masada,on the table
yazmak,write
devletler,states
silahlarınızı,your weapons
kaybolmuş,lost
ip,rope
dizi,sequence
sammy,sammy
çekmeye,shoot
hayali,imaginary
atmaya,throw
evinin,of home
sevgilisi,lover
vermeyin,Do not
alanında,in the area
alamam,I can not take
olanların,those who
kuralı,rule
bilmiyordu,He did not know
bakire,virgin
konuştuğunu,he spoke
kay,registration
harris,harris
yaptığımızı,do what we
olmasından,the fact that
ulaşmaya,reach
ediliyor,is being
uyumak,sleep
istemiş,want to have
kriz,crisis
düşündüğümü,I think
işti,business
karımın,my wife
seçeneğimiz,our choice
malzeme,material
kaldığını,that remains
renkli,colored
kendimize,ourselves
işimize,our business
bulduğunu,he found
sizsiniz,you're
duruyordu,He was standing
bakım,maintenance
sırt,back
kazası,accident
çoğunlukla,mostly
sör,sir
âşık,in love
defalarca,repeatedly
iğne,needle
şuan,now
kullanıyorsun,you use
evvel,before
vücudu,her body
silahla,weapon
keyfini,enjoy
oynuyorsun,you are playing
jess,jesse
kontrolden,control
elimizdeki,we have
alamazsın,you can not
dediniz,you said
savaştan,the war
duyarım,I heard
sandy,sandy
tersine,backwards
jules,jules
gözle,observed
öldükten,He died after
birlik,unity
koltuk,armchair
bağ,bond
çalışması,study
hazırlayın,prepare
solucan,worm
gittiğinde,when you go
hakları,rights
white,white